time_point;normalized_DWI
isch;1
0.5h;0.282485876
1.5h;0.161016949
2.5h;0.09039548
1d;0.785310734
2d;0.813559322
7d;0.110169492
